"付け",﻿"付け"
"20190131","20190131"
"20190130","20190130"
"20190129","20190129"
"20190128","20190128"
"20190125","20190125"
"20190124","20190124"
"20190123","20190123"
"20190122","20190122"
"20190121","20190121"
"20190118","20190118"
"20190117","20190117"
"20190116","20190116"
"20190115","20190115"
"20190114","20190114"
"20190111","20190111"
"20190110","20190110"
"20190109","20190109"
"20190108","20190108"
"20190107","20190107"
"20190104","20190104"
"20190103","20190103"
"20190102","20190102"
"20181228","20181228"
"20181227","20181227"
"20181226","20181226"
"20181225","20181225"
"20181224","20181224"
"20181221","20181221"
"20181220","20181220"
"20181219","20181219"
"20181218","20181218"
"20181217","20181217"
"20181214","20181214"
"20181213","20181213"
"20181212","20181212"
"20181211","20181211"
"20181210","20181210"
"20181207","20181207"
"20181206","20181206"
"20181205","20181205"
"20181204","20181204"
"20181203","20181203"
"20181130","20181130"
"20181129","20181129"
"20181128","20181128"
"20181127","20181127"
"20181126","20181126"
"20181123","20181123"
"20181122","20181122"
"20181121","20181121"
"20181120","20181120"
"20181119","20181119"
"20181116","20181116"
"20181115","20181115"
"20181114","20181114"
"20181113","20181113"
"20181112","20181112"
"20181109","20181109"
"20181108","20181108"
"20181107","20181107"
"20181106","20181106"
"20181105","20181105"
"20181102","20181102"
"20181101","20181101"
"20181031","20181031"
"20181030","20181030"
"20181029","20181029"
"20181026","20181026"
"20181025","20181025"
"20181024","20181024"
"20181023","20181023"
"20181022","20181022"
"20181019","20181019"
"20181018","20181018"
"20181017","20181017"
"20181016","20181016"
"20181015","20181015"
"20181012","20181012"
"20181011","20181011"
"20181010","20181010"
"20181009","20181009"
"20181008","20181008"
"20180928","20180928"
"20180927","20180927"
"20180926","20180926"
"20180925","20180925"
"20180921","20180921"
"20180920","20180920"
"20180919","20180919"
"20180918","20180918"
"20180917","20180917"
"20180914","20180914"
"20180913","20180913"
"20180912","20180912"
"20180911","20180911"
"20180910","20180910"
"20180907","20180907"
"20180906","20180906"
"20180905","20180905"
"20180904","20180904"
"20180903","20180903"
"20180831","20180831"
"20180830","20180830"
"20180829","20180829"
"20180828","20180828"
"20180827","20180827"
"20180824","20180824"
"20180823","20180823"
"20180822","20180822"
"20180821","20180821"
"20180820","20180820"
"20180817","20180817"
"20180816","20180816"
"20180815","20180815"
"20180814","20180814"
"20180813","20180813"
"20180810","20180810"
"20180809","20180809"
"20180808","20180808"
"20180807","20180807"
"20180806","20180806"
"20180803","20180803"
"20180802","20180802"
"20180801","20180801"
"20180731","20180731"
"20180730","20180730"
"20180727","20180727"
"20180726","20180726"
"20180725","20180725"
"20180724","20180724"
"20180723","20180723"
"20180720","20180720"
"20180719","20180719"
"20180718","20180718"
"20180717","20180717"
"20180716","20180716"
"20180713","20180713"
"20180712","20180712"
"20180711","20180711"
"20180710","20180710"
"20180709","20180709"
"20180706","20180706"
"20180705","20180705"
"20180704","20180704"
"20180703","20180703"
"20180702","20180702"
"20180629","20180629"
"20180628","20180628"
"20180627","20180627"
"20180626","20180626"
"20180625","20180625"
"20180622","20180622"
"20180621","20180621"
"20180620","20180620"
"20180619","20180619"
"20180615","20180615"
"20180614","20180614"
"20180613","20180613"
"20180612","20180612"
"20180611","20180611"
"20180608","20180608"
"20180607","20180607"
"20180606","20180606"
"20180605","20180605"
"20180604","20180604"
"20180601","20180601"
"20180531","20180531"
"20180530","20180530"
"20180529","20180529"
"20180528","20180528"
"20180525","20180525"
"20180524","20180524"
"20180523","20180523"
"20180522","20180522"
"20180521","20180521"
"20180518","20180518"
"20180517","20180517"
"20180516","20180516"
"20180515","20180515"
"20180514","20180514"
"20180511","20180511"
"20180510","20180510"
"20180509","20180509"
"20180508","20180508"
"20180507","20180507"
"20180504","20180504"
"20180503","20180503"
"20180502","20180502"
"20180427","20180427"
"20180426","20180426"
"20180425","20180425"
"20180424","20180424"
"20180423","20180423"
"20180420","20180420"
"20180419","20180419"
"20180418","20180418"
"20180417","20180417"
"20180416","20180416"
"20180413","20180413"
"20180412","20180412"
"20180411","20180411"
"20180410","20180410"
"20180409","20180409"
"20180404","20180404"
"20180403","20180403"
"20180402","20180402"
"20180330","20180330"
"20180329","20180329"
"20180328","20180328"
"20180327","20180327"
"20180326","20180326"
"20180323","20180323"
"20180322","20180322"
"20180321","20180321"
"20180320","20180320"
"20180319","20180319"
"20180316","20180316"
"20180315","20180315"
"20180314","20180314"
"20180313","20180313"
"20180312","20180312"
"20180309","20180309"
"20180308","20180308"
"20180307","20180307"
"20180306","20180306"
"20180305","20180305"
"20180302","20180302"
"20180301","20180301"
"20180228","20180228"
"20180227","20180227"
"20180226","20180226"
"20180223","20180223"
"20180222","20180222"
"20180214","20180214"
"20180213","20180213"
"20180212","20180212"
"20180209","20180209"
"20180208","20180208"
"20180207","20180207"
"20180206","20180206"
"20180205","20180205"
"20180202","20180202"
"20180201","20180201"
"20180131","20180131"
"20180130","20180130"
"20180129","20180129"
"20180126","20180126"
"20180125","20180125"
"20180124","20180124"
"20180123","20180123"
"20180122","20180122"
"20180119","20180119"
"20180118","20180118"
"20180117","20180117"
"20180116","20180116"
"20180115","20180115"
"20180112","20180112"
"20180111","20180111"
"20180110","20180110"
"20180109","20180109"
"20180108","20180108"
"20180105","20180105"
"20180104","20180104"
"20180103","20180103"
"20180102","20180102"
"20171229","20171229"
"20171228","20171228"
"20171227","20171227"
"20171226","20171226"
"20171225","20171225"
"20171222","20171222"
"20171221","20171221"
"20171220","20171220"
"20171219","20171219"
"20171218","20171218"
"20171215","20171215"
"20171214","20171214"
"20171213","20171213"
"20171212","20171212"
"20171211","20171211"
"20171208","20171208"
"20171207","20171207"
"20171206","20171206"
"20171205","20171205"
"20171204","20171204"
"20171201","20171201"
"20171130","20171130"
"20171129","20171129"
"20171128","20171128"
"20171127","20171127"
"20171124","20171124"
"20171123","20171123"
"20171122","20171122"
"20171121","20171121"
"20171120","20171120"
"20171117","20171117"
"20171116","20171116"
"20171115","20171115"
"20171114","20171114"
"20171113","20171113"
"20171110","20171110"
"20171109","20171109"
"20171108","20171108"
"20171107","20171107"
"20171106","20171106"
"20171103","20171103"
"20171102","20171102"
"20171101","20171101"
"20171031","20171031"
"20171030","20171030"
"20171027","20171027"
"20171026","20171026"
"20171025","20171025"
"20171024","20171024"
"20171023","20171023"
"20171020","20171020"
"20171019","20171019"
"20171018","20171018"
"20171017","20171017"
"20171016","20171016"
"20171013","20171013"
"20171012","20171012"
"20171011","20171011"
"20171010","20171010"
"20171009","20171009"
"20170929","20170929"
"20170928","20170928"
"20170927","20170927"
"20170926","20170926"
"20170925","20170925"
"20170922","20170922"
"20170921","20170921"
"20170920","20170920"
"20170919","20170919"
"20170918","20170918"
"20170915","20170915"
"20170914","20170914"
"20170913","20170913"
"20170912","20170912"
"20170911","20170911"
"20170908","20170908"
"20170907","20170907"
"20170906","20170906"
"20170905","20170905"
"20170904","20170904"
"20170901","20170901"
"20170831","20170831"
"20170830","20170830"
"20170829","20170829"
"20170828","20170828"
"20170825","20170825"
"20170824","20170824"
"20170823","20170823"
"20170822","20170822"
"20170821","20170821"
"20170818","20170818"
"20170817","20170817"
"20170816","20170816"
"20170815","20170815"
"20170814","20170814"
"20170811","20170811"
"20170810","20170810"
"20170809","20170809"
"20170808","20170808"
"20170807","20170807"
"20170804","20170804"
"20170803","20170803"
"20170802","20170802"
"20170801","20170801"
"20170731","20170731"
"20170728","20170728"
"20170727","20170727"
"20170726","20170726"
"20170725","20170725"
"20170724","20170724"
"20170721","20170721"
"20170720","20170720"
"20170719","20170719"
"20170718","20170718"
"20170717","20170717"
"20170714","20170714"
"20170713","20170713"
"20170712","20170712"
"20170711","20170711"
"20170710","20170710"
"20170707","20170707"
"20170706","20170706"
"20170705","20170705"
"20170704","20170704"
"20170703","20170703"
"20170630","20170630"
"20170629","20170629"
"20170628","20170628"
"20170627","20170627"
"20170626","20170626"
"20170623","20170623"
"20170622","20170622"
"20170621","20170621"
"20170620","20170620"
"20170619","20170619"
"20170616","20170616"
"20170615","20170615"
"20170614","20170614"
"20170613","20170613"
"20170612","20170612"
"20170609","20170609"
"20170608","20170608"
"20170607","20170607"
"20170606","20170606"
"20170605","20170605"
"20170602","20170602"
"20170601","20170601"
"20170531","20170531"
"20170526","20170526"
"20170525","20170525"
"20170524","20170524"
"20170523","20170523"
"20170522","20170522"
"20170519","20170519"
"20170518","20170518"
"20170517","20170517"
"20170516","20170516"
"20170515","20170515"
"20170512","20170512"
"20170511","20170511"
"20170510","20170510"
"20170509","20170509"
"20170508","20170508"
"20170505","20170505"
"20170504","20170504"
"20170503","20170503"
"20170502","20170502"
"20170428","20170428"
"20170427","20170427"
"20170426","20170426"
"20170425","20170425"
"20170424","20170424"
"20170421","20170421"
"20170420","20170420"
"20170419","20170419"
"20170418","20170418"
"20170417","20170417"
"20170414","20170414"
"20170413","20170413"
"20170412","20170412"
"20170411","20170411"
"20170410","20170410"
"20170407","20170407"
"20170406","20170406"
"20170405","20170405"
"20170331","20170331"
"20170330","20170330"
"20170329","20170329"
"20170328","20170328"
"20170327","20170327"
"20170324","20170324"
"20170323","20170323"
"20170322","20170322"
"20170321","20170321"
"20170320","20170320"
"20170317","20170317"
"20170316","20170316"
"20170315","20170315"
"20170314","20170314"
"20170313","20170313"
"20170310","20170310"
"20170309","20170309"
"20170308","20170308"
"20170307","20170307"
"20170306","20170306"
"20170303","20170303"
"20170302","20170302"
"20170301","20170301"
"20170228","20170228"
"20170227","20170227"
"20170224","20170224"
"20170223","20170223"
"20170222","20170222"
"20170221","20170221"
"20170220","20170220"
"20170217","20170217"
"20170216","20170216"
"20170215","20170215"
"20170214","20170214"
"20170213","20170213"
"20170210","20170210"
"20170209","20170209"
"20170208","20170208"
"20170207","20170207"
"20170206","20170206"
"20170203","20170203"

